Nombre,Descripci√≥n,Precio,Categor√≠a,Imagen,id,slug
Crunchy Roll,"Philadelpihia, aguacate, pepino y camar√≥n por dentro, ajonjol√≠ blanco y negro por fuera, con topping de camar√≥n crunchy spicy, coronado con laminas de at√∫n fresco y chile serrano, ba√±ado en salsa de anguila. (Natural)",$170.00,‚≠êÔ∏è Nuevos,https://drive.google.com/file/d/1YLqLyWD1CqhaAkgIlLYvCbJ5Sy9wtZjz/view?usp=share_link,1,1
Caprichito Roll,"Philadelpihia, aguacate, pepino y camar√≥n por dentro, ajonjol√≠ blanco y negro por fuera, con topping de cubitos de at√∫n fresco, camar√≥n, masago, coronado con trozos de aguacate y pulpo, ba√±ado en salsa de anguila. (Natural)",$165.00,‚≠êÔ∏è Nuevos,https://drive.google.com/file/d/1HRjDsUWjrD_QDugLv7s4G6aOtbE4XjW4/view?usp=share_link,2,2
Kani Roll,"Philadelphia, aguacate, res y camar√≥n empanizado por dentro; gratinado, con topping de kanikama, tocino y ajonjol√≠, ba√±ado en salsa de anguila. (Empanizado)",$165.00,‚≠êÔ∏è Nuevos,https://drive.google.com/file/d/1u2prKSPlVYcWCDF2-ahq7rd4dEO7Ex3F/view?usp=drive_link,3,3
,,,,,4,4
"Tostadita de camar√≥n ","Tostada de camar√≥n, pepino, cebolla morada y cubitos de aguacate, montada sobre wonton y aderezo especial de la casa, acompa√±ada con salsa marea negra y coronada con poro frito.",$90.00,ü•Ñ Entradas,https://drive.google.com/file/d/1Lj9BaqFdvX371r9yMsbU9LtK-HSAwHy8/view?usp=share_link,5,5
"Tostadita de at√∫n ","Tostada de at√∫n fresco (100 gr), cubitos de aguacate, montada sobre wonton y aderezo especial de la casa, acompa√±ada con salsa marea negra y coronada con poro frito.",$90.00,ü•Ñ Entradas,https://drive.google.com/file/d/1Ylv_N5wwGRR8aFfXrdcE9_fOZ-p4fygB/view?usp=drivesdk,6,6
Chile relleno especial ‚Ä¢ Pieza individual,"Relleno de philadelphia, queso chihuahua, tampico e ingrediente a elegir (res, pollo, camar√≥n o mixto). Gratinado con queso chipotle y trozos de tocino.",$90.00,ü•Ñ Entradas,https://drive.google.com/file/d/1tx0K02uG5NifrtECFuedmPPeilgb4WZn/view?usp=drivesdk,7,7
Chile relleno ‚Ä¢ Pieza individual,"Relleno de Philadelphia, queso chihuahua, tampico e ingredientes a elegir (Res, pollo, camar√≥n o mixtos).",$65.00,ü•Ñ Entradas,,8,8
Chiles rellenos ‚Ä¢ Orden de 3 pzs.,"Relleno de Philadelphia, queso chihuahua, tampico e ingredientes a elegir (Res, pollo, camar√≥n o mixtos).",$180.00,ü•Ñ Entradas,,9,9
"Nuggets ","Pollo empanizado, acompa√±ado de catsup. ",$75.00,ü•Ñ Entradas,,10,10
"Dedos de queso ","Orden de 4 piezas ",$90.00,ü•Ñ Entradas,,11,11
Bomba,"Res, pollo, camar√≥n, tampico y philadelphia, con aguacate encima. (Empanizada)",$135.00,ü•Ñ Entradas,https://drive.google.com/file/d/1tv3myBMZkXfzDW0nerguZAd7gh3gSRRr/view?usp=drivesdk,12,12
,,,,,13,13
Cachiporra Roll,"Philadelphia, aguacate y res por dentro; Topping de camar√≥n empanizado spicy y trozos de tocino ba√±ana en salsa de anguila. (Empanizado)",$155.00,üç±  Rollos Empanizados,https://drive.google.com/file/d/1tplK6OUIeKBcgFnQWSFl5JbDL0NhbUnF/view?usp=drivesdk,14,14
Tato Roll,"Philadelphia, aguacate, res y tocino por dentro; queso chihuahua con tocino y serrano por fuera. (Empanizado)",$160.00,üç±  Rollos Empanizados,https://drive.google.com/file/d/1NJkq5xHTM-HfURRkaS0vpqMqNwJX30Tq/view?usp=share_link,15,15
Cochito Roll,"Philadelphia, aguacate, chile caribe y pollo por dentro; Topping de tampico y trozos de tocino encima. (Empanizado)",$155.00,üç±  Rollos Empanizados,https://drive.google.com/file/d/1_BBWcb84apAxM2KokNwplreRRZ1GpoYJ/view?usp=share_link,16,16
Mechudo Roll,"Philadelphia, aguacate, camar√≥n por dentro; topping de kanikama con trozos de camar√≥n empanizado encima, ba√±ado en salsa de anguila. (Empanizado)",$145.00,üç±  Rollos Empanizados,https://drive.google.com/file/d/1R4mDLqdRtSH4pxfY1-gYx9LhK0EF2IZa/view?usp=sharing,17,17
Imperial Roll,"Philadelphia, aguacate y surimi por dentro. Topping de tampico, aguacate y camar√≥n, acompa√±ado de tampico spicy con trocitos de camar√≥n y pulpo. (Empanizado).",$150.00,üç±  Rollos Empanizados,https://drive.google.com/file/d/1CJ9M3BGpgYTyh8s1HEPbhR62R9965qe7/view?usp=drivesdk,18,18
Guamuchilito,"Philadelphia, aguacate y surimi por dentro. Philadelphia y camar√≥n por fuera ; Topping de tampico, aguacate y ajonjol√≠ ba√±ado en salsa de anguila (Empanizado)",$135.00,üç±  Rollos Empanizados,https://drive.google.com/file/d/19F0jt_SQr0cI9ufDzjMpVp0JE3DtJZKN/view?usp=share_link,19,19
Mar y tierra,"Philadelphia, aguacate, res y camar√≥n por dentro. (Empanizado)",$105.00,üç±  Rollos Empanizados,,20,20
Cielo mar y tierra,"Philadelphia, aguacate, res, pollo y camar√≥n por dentro. (Empanizado)",$115.00,üç±  Rollos Empanizados,,21,21
3 Quesos,"Philadelphia, aguacate, res y camar√≥n por dentro. Philadelphia, queso tipo americano y chihuahua por fuera (Empanizado)",$115.00,üç±  Rollos Empanizados,https://drive.google.com/file/d/1S0UWNsoUoR8Y2F0ER_xidZbY0uFp1uzc/view?usp=sharing,22,22
Cord√≥n Blue,"Philadelphia, aguacate, pollo y tocino por dentro. Philadelphia y queso chihuahua por fuera . (Empanizado)",$115.00,üç±  Rollos Empanizados,https://drive.google.com/file/d/1C6gS6AoH-IOkhTq66Ps6oBgWSnZFvckf/view?usp=drivesdk,23,23
Res blue,"Philadelphia, aguacate, res y tocino por dentro. Philadelphia y queso chihuahua por fuera . (Empanizado)",$120.00,üç±  Rollos Empanizados,,24,24
Camar√≥n Blue,"Philadelphia, aguacate, camar√≥n y tocino por dentro. Philadelphia y queso chihuahua por fuera . (Empanizado)",$120.00,üç±  Rollos Empanizados,,25,25
,,,,,26,26
Vaquita Roll,"Philadelphia, aguacate, res y tocino por dentro; Gratinado con queso chihuahua, trozos de res y chile serrano ba√±ado en salsa de anguila. (Empanizado)",$165.00,üç§  Rollos Horneados,https://drive.google.com/file/d/1abvSbqKiBdml5zxSDbgSP4ZTvcaqc98L/view?usp=share_link,27,27
Suavecito Roll,"Philadelphia, aguacate, res, pollo, camar√≥n y tocino por dentro; gratinado con queso chihuahua; topping de tampico y aguacate, ba√±ado en salsa de anguila. (Empanizado)",$170.00,üç§  Rollos Horneados,https://drive.google.com/file/d/1t_u6bQMQYEtOcdzKN7NMimQixDV3M52N/view?usp=drivesdk,28,28
Levoy Roll,"(Especialidad de la casa) Philadelphia, res y pollo por dentro; Avocado por fuera; Toppping de camar√≥n spicy con queso chihuahua, ba√±ado en salsa de anguila. (Empanizado)",$160.00,üç§  Rollos Horneados,https://drive.google.com/file/d/1xl7ULqKwbxW7mXP00PtAwzQtpkml4qJo/view?usp=drivesdk,29,29
Black Factor Roll,"Philadelphia, aguacate y res por dentro; Topping de camar√≥n, tocino y queso chihuahua, ba√±ado en salsa de anguila. (Empanizado)",$160.00,üç§  Rollos Horneados,https://drive.google.com/file/d/1RS5zY-O1u-x1P2orcLIzQktLgnmuU2J_/view?usp=drive_link,30,30
Betillo Roll,"Philadelphia, pollo y tocino por dentro; Avocado por fuera; Topping de res, pollo, chile caribe y queso Chihuahua, ba√±ado en salsa de anguila. (Empanizado)",$160.00,üç§  Rollos Horneados,https://drive.google.com/file/d/1tVGrt1p_7Mh6x0PEgR1J_Iz2si81PPRk/view?usp=drivesdk,31,31
Chipotle Roll,"Philadelphia, aguacate y pollo por dentro; gratinado dequeso chipotle con trozos de tocino, ba√±ado en salsa de anguila. (Empanizado)",$160.00,üç§  Rollos Horneados,https://drive.google.com/file/d/1k39rwcMN8DM0xs7KWE1FXAoz_vFRTaaW/view?usp=share_link,32,32
Tocinito Roll,"Philadelphia, aguacate, res y pollo por dentro; Philadelphia por fuera, gratinado con queso chihuahua, cubierto con trozos de tocino. (Empanizado)",$160.00,üç§  Rollos Horneados,https://drive.google.com/file/d/1u3NP7jAP5BUiU4oi_MRP_KNRwF9tDDhU/view?usp=drivesdk,33,33
California Roll,"Philadelphia, aguacate, pepino e ingredientes a elegir (res o pollo). Camar√≥n (+5)",$110.00,üç£ Rollos Naturales,,34,34
Avocado Roll,"Philadelphia, aguacate, pepino y res por dentro; Forrado con aguacate por fuera",$125.00,üç£ Rollos Naturales,,35,35
Masago Roll,"Philadlephia, aguacate, pepino y camar√≥n empanizado por dentro; masago y ajonjol√≠ por fuera.",$135.00,üç£ Rollos Naturales,,36,36
Mountain Roll,"Philadelphia, aguacate, pepino y camar√≥n empanizado por dentro; Philadelphia, aguacate y camar√≥n por fuera; Topping de tampico, ba√±ado en salsa de anguila.",$135.00,üç£ Rollos Naturales,,37,37
Avocado con kanikama,"Philadelphia, aguacate, pepino y camar√≥n por dentro; Forrado con aguacate por fuera, con topping kanikama.",$140.00,üç£ Rollos Naturales,,38,38
Pulpo Spicy,"Philadelphia, aguacate, pepino y camar√≥n por dentro; pulpo y philadelphia por fuera, con topping de tampico spicy.",$140.00,üç£ Rollos Naturales,https://drive.google.com/file/d/1ECjMmptdj4_rKhlsxVi1JAXvONDqI09N/view?usp=drive_link,39,39
Polo Roll,"Philadelphia, aguacate, pepino y camar√≥n por dentro; Philadelphia, aguacate y pulpo por fuera, coronado con kanikama, camar√≥n empanizado, philadelphia y ajonjol√≠, ba√±ado en salsa de anguila.",$160.00,üç£ Rollos Naturales,https://drive.google.com/file/d/1yuBAw6Ek1vEfFF56aWGqUadg6E6Al6Xu/view?usp=drive_link,40,40
At√∫n Roll,"Philadelphia, aguacate, pepino y camar√≥n por dentro; At√∫n por fuera, coronado con kanikama, masago, serrano y ajonjol√≠.",$160.00,üç£ Rollos Naturales,https://drive.google.com/file/d/1KgZoS3k4ZsrYt5rstc2YPahF8uZA3etx/view?usp=sharing,41,41
Salm√≥n Hot,"Philadelphia, aguacate, pepino y camar√≥n por dentro; Forrado con salm√≥n y topping de camar√≥n spicy (al horno) con ajonjol√≠, ba√±ado en salsa de anguila.",$165.00,üç£ Rollos Naturales,https://drive.google.com/file/d/1vQXHA_dRk-gvUfn7GJMU1_1u4vPWI2z4/view?usp=sharing,42,42
Salm√≥n Spicy,"Philadelphia, aguacate, pepino y camar√≥n por dentro; Philadelphia y masago por fuera, con topping de camar√≥n y salm√≥n spicy.",$160.00,üç£ Rollos Naturales,https://drive.google.com/file/d/1tx7ZtQEIR-2BjCWZmWAuuHQ2T5-UDE7H/view?usp=drivesdk,43,43
Vegetariano,"Philadelphia, aguacate, pepino y zanahoria por dentro. Ajonjol√≠ por fuera, Natural.",$105.00,üç£ Rollos Naturales,,44,44
Yakimeshi,"Platillo de arroz frito con zanahoria, ceboll√≠n, res y pollo con philadelphia, tampico, aguacate y ajonjol√≠.",$135.00,üçö Arroces,,45,45
Yakimeshi Especial,"Platillo de arroz frito con zanahoria, ceboll√≠n, res y pollo, con philadelphia, tampico, aguacate, camar√≥n empanizado y ajonjol√≠.",$155.00,üçö Arroces,https://drive.google.com/file/d/1yCDQN4jvZqeSMuVV_v8OxNiiZHHW95CH/view?usp=drivesdk,46,46
Gohan,"Platillo de arroz blanco, philadelphia, tampico y aguacate caompa√±ado de res, pollo y camar√≥n frito.",$140.00,üçö Arroces,https://drive.google.com/file/d/1MXuNOaWPIunOtKV3KEbW45kR1aHOuTUj/view?usp=drivesdk,47,47
"T√© ",Vaso individual con 1 refill,$35.00,ü•§ Bebidas,,48,48
,,,,,49,49
,,,,,50,50
Agua mineral 330 ml.,Perrier,$40.00,ü•§ Bebidas,,51,51
,,,,,52,52
Agua natural 500 ml.,,$15.00,ü•§ Bebidas,,53,53
Coca cola 335 ml.,Lata,$25.00,ü•§ Bebidas,,54,54
Fanta naranja 335 ml,Lata,$25.00,ü•§ Bebidas,,55,55
Sprite 335 ml.,Lata,$25.00,ü•§ Bebidas,,56,56
Coca cola light 335 ml.,Lata,$25.00,ü•§ Bebidas,,57,57
T√© 1 litro,√önicamente para llevar,$35.00,ü•§ Bebidas,,58,58
,,,,,59,59
Queso gratinado,Todo extra tiene un costo adicional sobre el valor indicado en el men√∫.,$40.00,ü•¢ Ingrediente extra,,60,60
"Queso gratinado chipotle ",Todo extra tiene un costo adicional sobre el valor indicado en el men√∫.,$45.00,ü•¢ Ingrediente extra,,61,61
"Porci√≥n extra de philadelphia ",Todo extra tiene un costo adicional sobre el valor indicado en el men√∫.,$25.00,ü•¢ Ingrediente extra,,62,62
"Ingrediente extra (Camar√≥n, res, pollo √≥ tocino)",Todo extra tiene un costo adicional sobre el valor indicado en el men√∫.,$25.00,ü•¢ Ingrediente extra,,63,63
"Ingrediente extra (Salm√≥n, pulpo, at√∫n o masago)",Todo extra tiene un costo adicional sobre el valor indicado en el men√∫.,$35.00,ü•¢ Ingrediente extra,,64,64
Porci√≥n de tampico,Todo extra tiene un costo adicional sobre el valor indicado en el men√∫.,$30.00,ü•¢ Ingrediente extra,,65,65
"Porci√≥n de tampico spicy ",Todo extra tiene un costo adicional sobre el valor indicado en el men√∫.,$35.00,ü•¢ Ingrediente extra,,66,66
Porci√≥n de kanikama,Todo extra tiene un costo adicional sobre el valor indicado en el men√∫.,$35.00,ü•¢ Ingrediente extra,,67,67
"Soya, mayonesa, aderezo, anguila o sriracha extra para llevar",Todo extra tiene un costo adicional sobre el valor indicado en el men√∫.,$5.00,ü•¢ Ingrediente extra,,68,68
Contenedor con todo para llevar,Todo extra tiene un costo adicional sobre el valor indicado en el men√∫.,$15.00,ü•¢ Ingrediente extra,,69,69
"Contenedor vac√≠o para llevar ",Chico o grande,$5.00,ü•¢ Ingrediente extra,,70,70
"Soya aguachile ",Todo extra tiene un costo adicional sobre el valor indicado en el men√∫.,$15.00,ü•¢ Ingrediente extra,,71,71
Gratinado Levoy,Todo extra tiene un costo adicional sobre el valor indicado en el men√∫.,$55.00,ü•¢ Ingrediente extra,,72,72
"Extra aguacate ",,$15.00,ü•¢ Ingrediente extra,,73,73
,,,,,74,74
Flan,,$75.00,üç∞ Postres,https://drive.google.com/file/d/1A20Plf07CXntqtqu4Coiw0s6hlI05W55/view?usp=share_link,75,75